"DESCRIPTION","DURATION IN MS","NAME","PARENT SUITE","START TIME","STATUS","STOP TIME","SUB SUITE","SUITE","TEST CLASS","TEST METHOD"
"","4","should pass parameters to the apiClient correctly","deleteRecords","Fri Jul 03 15:59:39 UTC 2026","passed","Fri Jul 03 15:59:39 UTC 2026","","","",""
"","887","Unsupported file type","","Fri Jul 03 16:02:18 UTC 2026","passed","Fri Jul 03 16:02:19 UTC 2026","","Unsupported file type","",""
"","3","多言語フィールド(ja, zh, es, etc)を正しく設定する","template/manifest","Fri Jul 03 15:59:34 UTC 2026","passed","Fri Jul 03 15:59:34 UTC 2026","","updateManifests","",""
"","5866","API tokens for different apps","","Fri Jul 03 16:02:16 UTC 2026","passed","Fri Jul 03 16:02:22 UTC 2026","","API tokens for different apps","",""
"","441","Get help","","Fri Jul 03 16:01:57 UTC 2026","passed","Fri Jul 03 16:01:57 UTC 2026","","Get help","",""
"","2","should show progress logs correctly with aborting","ProgressLogger","Fri Jul 03 15:59:40 UTC 2026","passed","Fri Jul 03 15:59:40 UTC 2026","","","",""
"","7","should set ""debug"" to the log config level when verbose argument is true","logHandler","Fri Jul 03 15:59:43 UTC 2026","passed","Fri Jul 03 15:59:43 UTC 2026","","","",""
"","304","Password is not specified","","Fri Jul 03 16:01:58 UTC 2026","passed","Fri Jul 03 16:01:59 UTC 2026","","Password is not specified","",""
"","1373","Specified field does not exist","","Fri Jul 03 16:02:09 UTC 2026","passed","Fri Jul 03 16:02:11 UTC 2026","","Specified field does not exist","",""
"","2","should pass basic auth params to the apiClient correctly","api","Fri Jul 03 15:59:33 UTC 2026","passed","Fri Jul 03 15:59:33 UTC 2026","","","",""
"","1","[$#] convert 'CREATED_TIME' field correctly","convertFieldValue","Fri Jul 03 15:59:34 UTC 2026","passed","Fri Jul 03 15:59:34 UTC 2026","","","",""
"","4937","Specify a field","","Fri Jul 03 16:02:49 UTC 2026","passed","Fri Jul 03 16:02:54 UTC 2026","","Specify a field","",""
"","0","[$#] convert 'DATETIME' field correctly","convertFieldValue","Fri Jul 03 15:59:34 UTC 2026","passed","Fri Jul 03 15:59:34 UTC 2026","","","",""
"","1","should set ""warn"" to the log config level when log-level argument is ""warn""","logHandler","Fri Jul 03 15:59:43 UTC 2026","passed","Fri Jul 03 15:59:43 UTC 2026","","","",""
"","7189","Press Enter for confirmation message","","Fri Jul 03 16:03:03 UTC 2026","passed","Fri Jul 03 16:03:10 UTC 2026","","Press Enter for confirmation message","",""
"","5","[$#] convert 'RECORD_NUMBER' field correctly","convertFieldValue","Fri Jul 03 15:59:34 UTC 2026","passed","Fri Jul 03 15:59:34 UTC 2026","","","",""
"","22","should success updating customize-manifest.json and downloading uploaded js/css files","export","Fri Jul 03 15:59:33 UTC 2026","passed","Fri Jul 03 15:59:33 UTC 2026","","runExport","",""
"","568","should reject --username with auth required error","record delete","Fri Jul 03 15:59:38 UTC 2026","passed","Fri Jul 03 15:59:38 UTC 2026","","","",""
"","16","should succeed the applying","index","Fri Jul 03 15:59:35 UTC 2026","passed","Fri Jul 03 15:59:35 UTC 2026","","apply","",""
"","10","should stringify records as csv correctly","stringifier","Fri Jul 03 15:59:42 UTC 2026","passed","Fri Jul 03 15:59:42 UTC 2026","","","",""
"","1","can iterate from data source with next value","withNextIterator","Fri Jul 03 15:59:34 UTC 2026","passed","Fri Jul 03 15:59:34 UTC 2026","","","",""
"","5","'should throw error when unsupported f…'","upsertRecords","Fri Jul 03 15:59:35 UTC 2026","passed","Fri Jul 03 15:59:35 UTC 2026","","","",""
"","11809","Sjis encoded file","","Fri Jul 03 16:02:12 UTC 2026","passed","Fri Jul 03 16:02:24 UTC 2026","","Sjis encoded file","",""
"","870","Unsupported file type","","Fri Jul 03 16:01:59 UTC 2026","passed","Fri Jul 03 16:02:00 UTC 2026","","Unsupported file type","",""
"","1855","Specified app does not exist","","Fri Jul 03 16:01:55 UTC 2026","passed","Fri Jul 03 16:01:57 UTC 2026","","Specified app does not exist","",""
"","3","should includes a Record Number field","addRecords","Fri Jul 03 15:59:33 UTC 2026","passed","Fri Jul 03 15:59:33 UTC 2026","","","",""
"","52","'`sandbox-invalid-missing-allowed-host…'","validate","Fri Jul 03 15:59:40 UTC 2026","passed","Fri Jul 03 15:59:40 UTC 2026","","","",""
"","5094","Invalid condition query","","Fri Jul 03 16:02:40 UTC 2026","passed","Fri Jul 03 16:02:46 UTC 2026","","Invalid condition query","",""
"","1","should throw error when file path is invalid","File Generator functions","Fri Jul 03 15:59:41 UTC 2026","passed","Fri Jul 03 15:59:41 UTC 2026","","","",""
"","1","[$#] convert 'DATE' field correctly","convertFieldValue","Fri Jul 03 15:59:34 UTC 2026","passed","Fri Jul 03 15:59:34 UTC 2026","","","",""
"","61","'`fileExists`'","validate","Fri Jul 03 15:59:40 UTC 2026","passed","Fri Jul 03 15:59:40 UTC 2026","","","",""
"","847","Incorrect guest space ID","","Fri Jul 03 16:02:12 UTC 2026","passed","Fri Jul 03 16:02:13 UTC 2026","","Incorrect guest space ID","",""
"","5","should return a file list including the manifest","sourcelist","Fri Jul 03 15:59:37 UTC 2026","passed","Fri Jul 03 15:59:37 UTC 2026","","","",""
"","3445","API token does not have privilege to view and edit records","","Fri Jul 03 16:02:27 UTC 2026","passed","Fri Jul 03 16:02:30 UTC 2026","","API token does not have privilege to view and edit records","",""
"","1107","URL does not exist","","Fri Jul 03 16:01:57 UTC 2026","passed","Fri Jul 03 16:01:58 UTC 2026","","URL does not exist","",""
"","944","App in guest space is specified without guest space ID","","Fri Jul 03 16:01:58 UTC 2026","passed","Fri Jul 03 16:01:59 UTC 2026","","App in guest space is specified without guest space ID","",""
"","2","should replace placeholders correctly","Helper functions","Fri Jul 03 15:59:37 UTC 2026","passed","Fri Jul 03 15:59:37 UTC 2026","","replacePlaceholders","",""
"","1","should not display any message when calling logger with 'none' level","StandardLogger","Fri Jul 03 15:59:36 UTC 2026","passed","Fri Jul 03 15:59:36 UTC 2026","","","",""
"","3494","Specify attachments directory nevertheless app does not have an attachment field","","Fri Jul 03 16:02:45 UTC 2026","passed","Fri Jul 03 16:02:49 UTC 2026","","Specify attachments directory nevertheless app does not have an attachment field","",""
"","3","should throw an Error if specified field is not supported","userSelected","Fri Jul 03 15:59:38 UTC 2026","passed","Fri Jul 03 15:59:38 UTC 2026","","","",""
"","899","Pack a plugin with sandbox, allowed_hosts and permissions","","Fri Jul 03 16:01:56 UTC 2026","passed","Fri Jul 03 16:01:57 UTC 2026","","Pack a plugin with sandbox, allowed_hosts and permissions","",""
"","229","File path is not specified","","Fri Jul 03 16:01:59 UTC 2026","passed","Fri Jul 03 16:01:59 UTC 2026","","File path is not specified","",""
"","3892","Continue uploading by pressing ""Y""","","Fri Jul 03 16:02:07 UTC 2026","passed","Fri Jul 03 16:02:11 UTC 2026","","Continue uploading by pressing ""Y""","",""
"","382","App is not specified","","Fri Jul 03 16:01:58 UTC 2026","passed","Fri Jul 03 16:01:58 UTC 2026","","App is not specified","",""
"","3871","Update-key field is not set to unique (number)","","Fri Jul 03 16:02:56 UTC 2026","passed","Fri Jul 03 16:03:00 UTC 2026","","Update-key field is not set to unique (number)","",""
"","1968","API token for different app","","Fri Jul 03 16:02:07 UTC 2026","passed","Fri Jul 03 16:02:09 UTC 2026","","API token for different app","",""
"","859","Incorrect password","","Fri Jul 03 16:01:58 UTC 2026","passed","Fri Jul 03 16:01:59 UTC 2026","","Incorrect password","",""
"","1","[$#] convert 'DROP_DOWN' field correctly","convertFieldValue","Fri Jul 03 15:59:34 UTC 2026","passed","Fri Jul 03 15:59:34 UTC 2026","","","",""
"","1","'formLayout should create schema corre…'","createSchema","Fri Jul 03 15:59:43 UTC 2026","passed","Fri Jul 03 15:59:43 UTC 2026","","","",""
"","1451","API token does not have privilege to add records","","Fri Jul 03 16:02:16 UTC 2026","passed","Fri Jul 03 16:02:17 UTC 2026","","API token does not have privilege to add records","",""
"","12","should return result when given function is resolved","retry","Fri Jul 03 15:59:34 UTC 2026","passed","Fri Jul 03 15:59:34 UTC 2026","","input sync function","",""
"","3","should throw error when API response is error","deleteRecords","Fri Jul 03 15:59:39 UTC 2026","passed","Fri Jul 03 15:59:39 UTC 2026","","","",""
"","1","should return result when given function is resolved","retry","Fri Jul 03 15:59:34 UTC 2026","passed","Fri Jul 03 15:59:34 UTC 2026","","input async function","",""
"","4","[$#] convert 'USER_SELECT' field correctly","convertFieldValue","Fri Jul 03 15:59:34 UTC 2026","passed","Fri Jul 03 15:59:34 UTC 2026","","","",""
"","3754","Update-key field is not set to unique (text)","","Fri Jul 03 16:02:41 UTC 2026","passed","Fri Jul 03 16:02:45 UTC 2026","","Update-key field is not set to unique (text)","",""
"","4672","API token authorization","","Fri Jul 03 16:02:12 UTC 2026","passed","Fri Jul 03 16:02:17 UTC 2026","","API token authorization","",""
"","4893","Login authorization - short username option","","Fri Jul 03 16:02:26 UTC 2026","passed","Fri Jul 03 16:02:31 UTC 2026","","Login authorization - short username option","",""
"","1","[$#] convert 'CREATED_TIME' field correctly","convertFieldValue","Fri Jul 03 15:59:34 UTC 2026","passed","Fri Jul 03 15:59:34 UTC 2026","","","",""
"","1646","Plugin info --format json surfaces sandbox-related keys with snake_case names","","Fri Jul 03 16:01:56 UTC 2026","passed","Fri Jul 03 16:01:58 UTC 2026","","Plugin info --format json surfaces sandbox-related keys with snake_case names","",""
"","7","should generate fieldCode array correctly (data without subtable)","buildHeaderFields","Fri Jul 03 15:59:39 UTC 2026","passed","Fri Jul 03 15:59:39 UTC 2026","","","",""
"","6","should throw error when the record number field code is not found","ParserError","Fri Jul 03 15:59:43 UTC 2026","passed","Fri Jul 03 15:59:43 UTC 2026","","","",""
"","871","API token is a draft","","Fri Jul 03 16:01:59 UTC 2026","passed","Fri Jul 03 16:02:00 UTC 2026","","API token is a draft","",""
"","1","should be set es parameters in supportEs is true","qa","Fri Jul 03 15:59:35 UTC 2026","passed","Fri Jul 03 15:59:35 UTC 2026","optional lang parameters","runPrompt","",""
"","1449","Record data with required field empty","","Fri Jul 03 16:02:26 UTC 2026","passed","Fri Jul 03 16:02:27 UTC 2026","","Record data with required field empty","",""
"","5100","Invalid API token and valid login information","","Fri Jul 03 16:02:17 UTC 2026","passed","Fri Jul 03 16:02:22 UTC 2026","","Invalid API token and valid login information","",""
"","2","should pass apiToken to the apiClient correctly","api","Fri Jul 03 15:59:33 UTC 2026","passed","Fri Jul 03 15:59:33 UTC 2026","","","",""
"","5","'should throw error when update key fi…'","upsertRecords","Fri Jul 03 15:59:35 UTC 2026","passed","Fri Jul 03 15:59:35 UTC 2026","","","",""
"","10","should not fail","deleteAllRecords","Fri Jul 03 15:59:38 UTC 2026","passed","Fri Jul 03 15:59:38 UTC 2026","","","",""
"","54","throws an error if the contents.zip is invalid","ContentsZip","Fri Jul 03 15:59:36 UTC 2026","passed","Fri Jul 03 15:59:36 UTC 2026","","invalid contents.zip","",""
"","4975","Specify a field","","Fri Jul 03 16:03:01 UTC 2026","passed","Fri Jul 03 16:03:06 UTC 2026","","Specify a field","",""
"","2","'should throw error when the field in …'","upsertRecords","Fri Jul 03 15:59:35 UTC 2026","passed","Fri Jul 03 15:59:35 UTC 2026","","","",""
"","1","[$#] convert 'SINGLE_LINE_TEXT' field correctly","convertFieldValue","Fri Jul 03 15:59:34 UTC 2026","passed","Fri Jul 03 15:59:34 UTC 2026","","","",""
"","3","should generate file correctly with baseDir","File Generator functions","Fri Jul 03 15:59:41 UTC 2026","passed","Fri Jul 03 15:59:41 UTC 2026","","Generate file success","",""
"","10955","Update by number field","","Fri Jul 03 16:02:45 UTC 2026","passed","Fri Jul 03 16:02:56 UTC 2026","","Update by number field","",""
"","6","should upload files correctly when attachmentsDir is given","addRecords","Fri Jul 03 15:59:33 UTC 2026","passed","Fri Jul 03 15:59:33 UTC 2026","","","",""
"","2","'should throw error when non-existent …'","upsertRecords","Fri Jul 03 15:59:35 UTC 2026","passed","Fri Jul 03 15:59:35 UTC 2026","","","",""
"","4","should reject when only password is provided","buildConnectionOptions with password auth","Fri Jul 03 15:59:37 UTC 2026","passed","Fri Jul 03 15:59:37 UTC 2026","","","",""
"","2","should be set zh parameters in supportZh is true","qa","Fri Jul 03 15:59:35 UTC 2026","passed","Fri Jul 03 15:59:35 UTC 2026","optional lang parameters","runPrompt","",""
"","1","should be constructed with CsvError","ParserError","Fri Jul 03 15:59:43 UTC 2026","passed","Fri Jul 03 15:59:43 UTC 2026","","","",""
"","1","should throw an error when all retries are failed","retry","Fri Jul 03 15:59:34 UTC 2026","passed","Fri Jul 03 15:59:34 UTC 2026","","input async function","",""
"","4","[$#] convert 'FILE' field correctly","convertFieldValue","Fri Jul 03 15:59:34 UTC 2026","passed","Fri Jul 03 15:59:34 UTC 2026","","","",""
"","492","should reject when no auth is provided","record delete","Fri Jul 03 15:59:37 UTC 2026","passed","Fri Jul 03 15:59:38 UTC 2026","","","",""
"","1","should throw an error when retry conditions are not match","retry","Fri Jul 03 15:59:34 UTC 2026","passed","Fri Jul 03 15:59:34 UTC 2026","","input sync function","",""
"","1","should set ""debug"" to the log config level when log-level argument is ""debug""","logHandler","Fri Jul 03 15:59:43 UTC 2026","passed","Fri Jul 03 15:59:43 UTC 2026","","","",""
"","2","can separate date source by group","groupByKey","Fri Jul 03 15:59:34 UTC 2026","passed","Fri Jul 03 15:59:34 UTC 2026","","","",""
"","15","can export private key","PrivateKey","Fri Jul 03 15:59:42 UTC 2026","passed","Fri Jul 03 15:59:42 UTC 2026","","","",""
"","2","存在しないテンプレート名でエラーをスローする","template/github","Fri Jul 03 15:59:35 UTC 2026","passed","Fri Jul 03 15:59:35 UTC 2026","","resolveGitHubTemplateSource","",""
"","1","toStringCause should output the correct sentence. (inner: KintoneRestAPIError with GAIA_IL23)","CliKintoneError","Fri Jul 03 15:59:34 UTC 2026","passed","Fri Jul 03 15:59:34 UTC 2026","","","",""
"","1","[$#] convert 'MODIFIER' field correctly","convertFieldValue","Fri Jul 03 15:59:34 UTC 2026","passed","Fri Jul 03 15:59:34 UTC 2026","","","",""
"","1","存在するJavaScriptテンプレート名から正しいTemplateSourceを生成する","template/github","Fri Jul 03 15:59:35 UTC 2026","passed","Fri Jul 03 15:59:35 UTC 2026","","resolveGitHubTemplateSource","",""
"","1","[$#] convert 'TIME' field correctly","convertFieldValue","Fri Jul 03 15:59:34 UTC 2026","passed","Fri Jul 03 15:59:34 UTC 2026","","","",""
"","1","should use the given manifest filename","sourcelist","Fri Jul 03 15:59:37 UTC 2026","passed","Fri Jul 03 15:59:37 UTC 2026","","","",""
"","1","[$#] convert 'MULTI_SELECT' field correctly","convertFieldValue","Fri Jul 03 15:59:34 UTC 2026","passed","Fri Jul 03 15:59:34 UTC 2026","","","",""
"","1","should throw an Error if specified field does not exist","userSelected","Fri Jul 03 15:59:38 UTC 2026","passed","Fri Jul 03 15:59:38 UTC 2026","","","",""
"","1","should pass information of client certificate and proxy server to the apiClient correctly","api","Fri Jul 03 15:59:33 UTC 2026","passed","Fri Jul 03 15:59:33 UTC 2026","","","",""
"","5","should reject when only username is provided without password","buildConnectionOptions with either auth","Fri Jul 03 15:59:37 UTC 2026","passed","Fri Jul 03 15:59:37 UTC 2026","","","",""
"","435","Display plugin info in plain text format","","Fri Jul 03 16:01:56 UTC 2026","passed","Fri Jul 03 16:01:56 UTC 2026","","Display plugin info in plain text format","",""
"","1177","App does not exist","","Fri Jul 03 16:01:58 UTC 2026","passed","Fri Jul 03 16:01:59 UTC 2026","","App does not exist","",""
"","1","uses (not set) for fields that are undefined when at least one sibling is defined","buildPluginSummary","Fri Jul 03 15:59:34 UTC 2026","passed","Fri Jul 03 15:59:34 UTC 2026","","sandbox block","",""
"","6","'all fields have valid value'","fieldInSubtableReader","Fri Jul 03 15:59:39 UTC 2026","passed","Fri Jul 03 15:59:39 UTC 2026","","","",""
"","850","A duplicate API token for the same app","","Fri Jul 03 16:01:59 UTC 2026","passed","Fri Jul 03 16:02:00 UTC 2026","","A duplicate API token for the same app","",""
"","1","should return the export query correctly","Record command","Fri Jul 03 15:59:37 UTC 2026","passed","Fri Jul 03 15:59:37 UTC 2026","","Valid parameters","",""
"","1","formats sandbox: false correctly (not as not set)","buildPluginSummary","Fri Jul 03 15:59:34 UTC 2026","passed","Fri Jul 03 15:59:34 UTC 2026","","sandbox block","",""
"","1824","Unsupported encoding","","Fri Jul 03 16:03:10 UTC 2026","passed","Fri Jul 03 16:03:12 UTC 2026","","Unsupported encoding","",""
"","4516","App in a guest space (record export)","","Fri Jul 03 16:02:11 UTC 2026","passed","Fri Jul 03 16:02:16 UTC 2026","","App in a guest space (record export)","",""
"","4440","Specify a table","","Fri Jul 03 16:02:21 UTC 2026","passed","Fri Jul 03 16:02:26 UTC 2026","","Specify a table","",""
"","1","[$#] convert 'DATETIME' field correctly","convertFieldValue","Fri Jul 03 15:59:34 UTC 2026","passed","Fri Jul 03 15:59:34 UTC 2026","","","",""
"","1","should display FATAL message when calling logger with ""fatal"" level","StandardLogger","Fri Jul 03 15:59:36 UTC 2026","passed","Fri Jul 03 15:59:36 UTC 2026","","","",""
"","7","should show progress logs correctly","ProgressLogger","Fri Jul 03 15:59:40 UTC 2026","passed","Fri Jul 03 15:59:40 UTC 2026","","","",""
"","471","should reject when no auth is provided","customize apply","Fri Jul 03 15:59:39 UTC 2026","passed","Fri Jul 03 15:59:40 UTC 2026","","","",""
"","5","retries on 400 GAIA_DA02","isRetryableKintoneError","Fri Jul 03 15:59:34 UTC 2026","passed","Fri Jul 03 15:59:34 UTC 2026","","","",""
"","4338","Upload plugin.zip","","Fri Jul 03 16:01:56 UTC 2026","passed","Fri Jul 03 16:02:01 UTC 2026","","Upload plugin.zip","",""
"","1","does not retry on other 4xx errors","isRetryableKintoneError","Fri Jul 03 15:59:34 UTC 2026","passed","Fri Jul 03 15:59:34 UTC 2026","","","",""
"","22","should pass parameters to the apiClient correctly (without orderBy)","getAllRecords","Fri Jul 03 15:59:36 UTC 2026","passed","Fri Jul 03 15:59:36 UTC 2026","","","",""
"","4274","Utf8 encoded file","","Fri Jul 03 16:03:01 UTC 2026","passed","Fri Jul 03 16:03:05 UTC 2026","","Utf8 encoded file","",""
"","6","returns identity / description / homepage from the manifest","buildPluginInfoJson","Fri Jul 03 15:59:38 UTC 2026","passed","Fri Jul 03 15:59:38 UTC 2026","","","",""
"","3","存在しないファイルパスでエラーをスローする","template/manifest","Fri Jul 03 15:59:34 UTC 2026","passed","Fri Jul 03 15:59:34 UTC 2026","","updateManifests","",""
"","7","can download files to a specified directory","getRecords","Fri Jul 03 15:59:33 UTC 2026","passed","Fri Jul 03 15:59:33 UTC 2026","","","",""
"","13","should not fail","addRecords","Fri Jul 03 15:59:33 UTC 2026","passed","Fri Jul 03 15:59:33 UTC 2026","","","",""
"","28","GITHUB_TOKEN環境変数が設定されている場合、認証ヘッダーを使用する","template/downloader","Fri Jul 03 15:59:33 UTC 2026","passed","Fri Jul 03 15:59:33 UTC 2026","","downloadAndExtractFromUrl","",""
"","1","should set ""trace"" to the log config level when log-level argument is ""trace""","logHandler","Fri Jul 03 15:59:43 UTC 2026","passed","Fri Jul 03 15:59:43 UTC 2026","","","",""
"","0","[$#] convert 'USER_SELECT' field correctly","convertFieldValue","Fri Jul 03 15:59:34 UTC 2026","passed","Fri Jul 03 15:59:34 UTC 2026","","","",""
"","4","既存のpackage.jsonフィールドを保持する","template/package-json","Fri Jul 03 15:59:36 UTC 2026","passed","Fri Jul 03 15:59:36 UTC 2026","","updatePackageJson","",""
"","1","uses (none) for explicitly empty arrays and (not set) for omitted fields","buildPluginSummary","Fri Jul 03 15:59:34 UTC 2026","passed","Fri Jul 03 15:59:34 UTC 2026","","sandbox block","",""
"","4","throws error if format is JSON and encoding is not 'utf8'","readFile","Fri Jul 03 15:59:42 UTC 2026","passed","Fri Jul 03 15:59:42 UTC 2026","","","",""
"","1","should display DEBUG message when calling logger with ""debug"" level","StandardLogger","Fri Jul 03 15:59:36 UTC 2026","passed","Fri Jul 03 15:59:36 UTC 2026","","","",""
"","7","should return the arguments list of the record 'import' correctly","Record - Subcommand","Fri Jul 03 15:59:39 UTC 2026","passed","Fri Jul 03 15:59:39 UTC 2026","","getArgumentsListBySubcommand","",""
"","5087","Condition query - short option","","Fri Jul 03 16:02:46 UTC 2026","passed","Fri Jul 03 16:02:51 UTC 2026","","Condition query - short option","",""
"","1","should return error message","UpsertRecordsError","Fri Jul 03 15:59:40 UTC 2026","passed","Fri Jul 03 15:59:40 UTC 2026","","","",""
"","5","should reject when only username is provided","buildConnectionOptions with password auth","Fri Jul 03 15:59:37 UTC 2026","passed","Fri Jul 03 15:59:37 UTC 2026","","","",""
"","21","can detect file format correctly","readFile","Fri Jul 03 15:59:42 UTC 2026","passed","Fri Jul 03 15:59:42 UTC 2026","","","",""
"","1","should set ""none"" to the log config level when log-level argument is ""none""","logHandler","Fri Jul 03 15:59:43 UTC 2026","passed","Fri Jul 03 15:59:43 UTC 2026","","","",""
"","1","should filter http(s) path","sourcelist","Fri Jul 03 15:59:37 UTC 2026","passed","Fri Jul 03 15:59:37 UTC 2026","","","",""
"","8","should pass username and password to the apiClient correctly","api","Fri Jul 03 15:59:33 UTC 2026","passed","Fri Jul 03 15:59:33 UTC 2026","","","",""
"","1679","Cancel uploading by pressing ""N""","","Fri Jul 03 16:02:11 UTC 2026","passed","Fri Jul 03 16:02:13 UTC 2026","","Cancel uploading by pressing ""N""","",""
"","373","No app option","","Fri Jul 03 16:01:58 UTC 2026","passed","Fri Jul 03 16:01:58 UTC 2026","","No app option","",""
"","142","manifest v1","ContentsZip","Fri Jul 03 15:59:36 UTC 2026","passed","Fri Jul 03 15:59:36 UTC 2026","","should be able to create ContentsZip from a plugin directory","",""
"","2","'should upsert records correctly with …'","upsertRecords","Fri Jul 03 15:59:35 UTC 2026","passed","Fri Jul 03 15:59:35 UTC 2026","","","",""
"","3","[$#] convert 'MODIFIER' field correctly","convertFieldValue","Fri Jul 03 15:59:34 UTC 2026","passed","Fri Jul 03 15:59:34 UTC 2026","","","",""
"","421","should throw error when required arguments are missing","main","Fri Jul 03 15:59:42 UTC 2026","passed","Fri Jul 03 15:59:42 UTC 2026","","","",""
"","4607","Specify a table","","Fri Jul 03 16:02:11 UTC 2026","passed","Fri Jul 03 16:02:15 UTC 2026","","Specify a table","",""
"","152","the zip contains 3 files","PluginZip","Fri Jul 03 15:59:41 UTC 2026","passed","Fri Jul 03 15:59:41 UTC 2026","","","",""
"","3394","Specified record does not exist","","Fri Jul 03 16:02:33 UTC 2026","passed","Fri Jul 03 16:02:36 UTC 2026","","Specified record does not exist","",""
"","6","should return error message","DeleteAllRecordsError","Fri Jul 03 15:59:38 UTC 2026","passed","Fri Jul 03 15:59:38 UTC 2026","","","",""
"","1","formats every field when all are defined","buildPluginSummary","Fri Jul 03 15:59:34 UTC 2026","passed","Fri Jul 03 15:59:34 UTC 2026","","sandbox block","",""
"","4","should return parsed string","parseKintoneRestAPIError","Fri Jul 03 15:59:37 UTC 2026","passed","Fri Jul 03 15:59:37 UTC 2026","","","",""
"","6216","App in a space","","Fri Jul 03 16:01:59 UTC 2026","passed","Fri Jul 03 16:02:05 UTC 2026","","App in a space","",""
"","422","No authorization information","","Fri Jul 03 16:01:58 UTC 2026","passed","Fri Jul 03 16:01:58 UTC 2026","","No authorization information","",""
"","1","[$#] convert 'RADIO_BUTTON' field correctly","convertFieldValue","Fri Jul 03 15:59:34 UTC 2026","passed","Fri Jul 03 15:59:34 UTC 2026","","","",""
"","4951","Invalid ordering with a non-existent field","","Fri Jul 03 16:02:56 UTC 2026","passed","Fri Jul 03 16:03:01 UTC 2026","","Invalid ordering with a non-existent field","",""
"","851","API token is a draft","","Fri Jul 03 16:02:06 UTC 2026","passed","Fri Jul 03 16:02:07 UTC 2026","","API token is a draft","",""
"","4925","Encoding to utf8","","Fri Jul 03 16:03:11 UTC 2026","passed","Fri Jul 03 16:03:16 UTC 2026","","Encoding to utf8","",""
"","4","returns identity / description / homepage from manifest","buildPluginSummary","Fri Jul 03 15:59:34 UTC 2026","passed","Fri Jul 03 15:59:34 UTC 2026","","","",""
"","4","should be able to validate by validateForName","qa","Fri Jul 03 15:59:35 UTC 2026","passed","Fri Jul 03 15:59:35 UTC 2026","","validator","",""
"","5","'should throw error when the field spe…'","upsertRecords","Fri Jul 03 15:59:35 UTC 2026","passed","Fri Jul 03 15:59:35 UTC 2026","","","",""
"","4","toStringCause should output the correct sentence. (inner: CliKintoneError)","CliKintoneError","Fri Jul 03 15:59:34 UTC 2026","passed","Fri Jul 03 15:59:34 UTC 2026","","","",""
"","5203","Invalid API token and valid login information","","Fri Jul 03 16:02:05 UTC 2026","passed","Fri Jul 03 16:02:10 UTC 2026","","Invalid API token and valid login information","",""
"","14489","Attachments on multiple fields","","Fri Jul 03 16:02:39 UTC 2026","passed","Fri Jul 03 16:02:53 UTC 2026","","Attachments on multiple fields","",""
"","5009","Login authorization - short username option","","Fri Jul 03 16:02:35 UTC 2026","passed","Fri Jul 03 16:02:40 UTC 2026","","Login authorization - short username option","",""
"","6412","Delete all records","","Fri Jul 03 16:02:10 UTC 2026","passed","Fri Jul 03 16:02:16 UTC 2026","","Delete all records","",""
"","594","Pack a plugin","","Fri Jul 03 16:01:56 UTC 2026","passed","Fri Jul 03 16:01:56 UTC 2026","","Pack a plugin","",""
"","44","'`invalid-locales-v1`'","validate","Fri Jul 03 15:59:40 UTC 2026","passed","Fri Jul 03 15:59:40 UTC 2026","","","",""
"","4984","API tokens for different apps","","Fri Jul 03 16:02:22 UTC 2026","passed","Fri Jul 03 16:02:27 UTC 2026","","API tokens for different apps","",""
"","6331","Cancel the execution by pressing ""N""","","Fri Jul 03 16:02:44 UTC 2026","passed","Fri Jul 03 16:02:50 UTC 2026","","Cancel the execution by pressing ""N""","",""
"","498","should reject when no auth is provided","record import","Fri Jul 03 15:59:36 UTC 2026","passed","Fri Jul 03 15:59:37 UTC 2026","","","",""
"","2","should throw error when required columns are not found","Helper functions","Fri Jul 03 15:59:37 UTC 2026","passed","Fri Jul 03 15:59:37 UTC 2026","","validateRequireColumnsInTable","",""
"","6661","API token and login information","","Fri Jul 03 16:02:03 UTC 2026","passed","Fri Jul 03 16:02:10 UTC 2026","","API token and login information","",""
"","423","should throw error when an undefined argument is passed","main","Fri Jul 03 15:59:41 UTC 2026","passed","Fri Jul 03 15:59:42 UTC 2026","","","",""
"","624","Unknown subcommand","","Fri Jul 03 16:01:57 UTC 2026","passed","Fri Jul 03 16:01:57 UTC 2026","","Unknown subcommand","",""
"","2280","Specify a field in a table","","Fri Jul 03 16:02:19 UTC 2026","passed","Fri Jul 03 16:02:21 UTC 2026","","Specify a field in a table","",""
"","6","should accept when both are provided and clear api-token","buildConnectionOptions with either auth","Fri Jul 03 15:59:37 UTC 2026","passed","Fri Jul 03 15:59:37 UTC 2026","","","",""
"","2","can iterate from data source with index","withIndexIterator","Fri Jul 03 15:59:34 UTC 2026","passed","Fri Jul 03 15:59:34 UTC 2026","","","",""
"","7261","App has a table","","Fri Jul 03 16:02:15 UTC 2026","passed","Fri Jul 03 16:02:22 UTC 2026","","App has a table","",""
"","6","should reject when no auth is provided","buildConnectionOptions with password auth","Fri Jul 03 15:59:37 UTC 2026","passed","Fri Jul 03 15:59:37 UTC 2026","","","",""
"","2094","Specify with incorrect app code","","Fri Jul 03 16:02:24 UTC 2026","passed","Fri Jul 03 16:02:26 UTC 2026","","Specify with incorrect app code","",""
"","14","can read sjis encoded csv file correctly","readFile","Fri Jul 03 15:59:42 UTC 2026","passed","Fri Jul 03 15:59:42 UTC 2026","","","",""
"","1475","User does not have privilege to add records","","Fri Jul 03 16:02:13 UTC 2026","passed","Fri Jul 03 16:02:14 UTC 2026","","User does not have privilege to add records","",""
"","4","should throw error when API response is error","deleteAllRecords","Fri Jul 03 15:59:38 UTC 2026","passed","Fri Jul 03 15:59:38 UTC 2026","","","",""
"","1","should return error message","DeleteRecordsError","Fri Jul 03 15:59:42 UTC 2026","passed","Fri Jul 03 15:59:42 UTC 2026","","","",""
"","450","should throw error when no commands are passed","main","Fri Jul 03 15:59:40 UTC 2026","passed","Fri Jul 03 15:59:41 UTC 2026","","","",""
"","3","should repeat given function after delay on error and return result on resolve","retry","Fri Jul 03 15:59:34 UTC 2026","passed","Fri Jul 03 15:59:34 UTC 2026","","input sync function","",""
"","4845","App in a guest space","","Fri Jul 03 16:01:54 UTC 2026","passed","Fri Jul 03 16:01:59 UTC 2026","","App in a guest space","",""
"","3","フォーマットされたJSON(インデント2)で書き込む","template/package-json","Fri Jul 03 15:59:36 UTC 2026","passed","Fri Jul 03 15:59:36 UTC 2026","","updatePackageJson","",""
"","968","Specified app does not exist","","Fri Jul 03 16:01:55 UTC 2026","passed","Fri Jul 03 16:01:56 UTC 2026","","Specified app does not exist","",""
"","206","Unsupported encoding","","Fri Jul 03 16:02:02 UTC 2026","passed","Fri Jul 03 16:02:02 UTC 2026","","Unsupported encoding","",""
"","1","should return the delete query correctly","Record command","Fri Jul 03 15:59:37 UTC 2026","passed","Fri Jul 03 15:59:37 UTC 2026","","Valid parameters","",""
"","7","存在しないファイルパスでエラーをスローする","template/package-json","Fri Jul 03 15:59:36 UTC 2026","passed","Fri Jul 03 15:59:36 UTC 2026","","updatePackageJson","",""
"","6116","App in a guest space (record delete)","","Fri Jul 03 16:02:00 UTC 2026","passed","Fri Jul 03 16:02:06 UTC 2026","","App in a guest space (record delete)","",""
"","1","the exported privateKey is the same as original privateKey","PrivateKey","Fri Jul 03 15:59:42 UTC 2026","passed","Fri Jul 03 15:59:42 UTC 2026","","","",""
"","1","uses (not set) for missing description / homepage","buildPluginSummary","Fri Jul 03 15:59:34 UTC 2026","passed","Fri Jul 03 15:59:34 UTC 2026","","","",""
"","856","Packages a plugin to a custom output path","","Fri Jul 03 16:01:56 UTC 2026","passed","Fri Jul 03 16:01:57 UTC 2026","","Packages a plugin to a custom output path","",""
"","214","File does not exist","","Fri Jul 03 16:01:59 UTC 2026","passed","Fri Jul 03 16:02:00 UTC 2026","","File does not exist","",""
"","3","should replace a special character","utils/operateFilename.ts","Fri Jul 03 15:59:44 UTC 2026","passed","Fri Jul 03 15:59:44 UTC 2026","","","",""
"","6","can separate data source by chunk","chunked","Fri Jul 03 15:59:34 UTC 2026","passed","Fri Jul 03 15:59:34 UTC 2026","","","",""
"","94","the zip passes signature verification","PluginZip","Fri Jul 03 15:59:41 UTC 2026","passed","Fri Jul 03 15:59:42 UTC 2026","","","",""
"","648","Base URL is not specified","","Fri Jul 03 16:01:57 UTC 2026","passed","Fri Jul 03 16:01:58 UTC 2026","","Base URL is not specified","",""
"","408","Generate template file with default path","","Fri Jul 03 16:01:55 UTC 2026","passed","Fri Jul 03 16:01:56 UTC 2026","","Generate template file with default path","",""
"","2","should emit deprecation warning message","stability","Fri Jul 03 15:59:40 UTC 2026","passed","Fri Jul 03 15:59:40 UTC 2026","","emitDeprecationWarning","",""
"","9","should display TRACE message when calling logger with ""trace"" level","StandardLogger","Fri Jul 03 15:59:36 UTC 2026","passed","Fri Jul 03 15:59:36 UTC 2026","","","",""
"","369","Skip confirmation by --yes when file exists","","Fri Jul 03 16:01:55 UTC 2026","passed","Fri Jul 03 16:01:56 UTC 2026","","Skip confirmation by --yes when file exists","",""
"","1","[$#] convert 'CREATOR' field correctly","convertFieldValue","Fri Jul 03 15:59:34 UTC 2026","passed","Fri Jul 03 15:59:34 UTC 2026","","","",""
"","6","should throw error when missing subcommand","Record command","Fri Jul 03 15:59:37 UTC 2026","passed","Fri Jul 03 15:59:37 UTC 2026","","Missing required parameters","",""
"","0","[$#] convert 'ORGANIZATION_SELECT' field correctly","convertFieldValue","Fri Jul 03 15:59:34 UTC 2026","passed","Fri Jul 03 15:59:34 UTC 2026","","","",""
"","4981","Login authorization - short password option","","Fri Jul 03 16:02:31 UTC 2026","passed","Fri Jul 03 16:02:36 UTC 2026","","Login authorization - short password option","",""
"","1","does not retry on non-KintoneRestAPIError","isRetryableKintoneError","Fri Jul 03 15:59:34 UTC 2026","passed","Fri Jul 03 15:59:34 UTC 2026","","","",""
"","2","[$#] convert 'STATUS_ASSIGNEE' field correctly","convertFieldValue","Fri Jul 03 15:59:34 UTC 2026","passed","Fri Jul 03 15:59:34 UTC 2026","","","",""
"","498","should throw error when an undefined command is passed","main","Fri Jul 03 15:59:41 UTC 2026","passed","Fri Jul 03 15:59:41 UTC 2026","","","",""
"","11072","Upsert by text field","","Fri Jul 03 16:02:30 UTC 2026","passed","Fri Jul 03 16:02:41 UTC 2026","","Upsert by text field","",""
"","3","should display the correct log message corresponding to the log config level","StandardLogger","Fri Jul 03 15:59:36 UTC 2026","passed","Fri Jul 03 15:59:36 UTC 2026","","","",""
"","6","should generate CSV row correctly","Helper functions","Fri Jul 03 15:59:37 UTC 2026","passed","Fri Jul 03 15:59:37 UTC 2026","","generateCsvRow","",""
"","2344","Incorrect guest space","","Fri Jul 03 16:02:29 UTC 2026","passed","Fri Jul 03 16:02:32 UTC 2026","","Incorrect guest space","",""
"","1","[$#] convert 'MULTI_LINE_TEXT' field correctly","convertFieldValue","Fri Jul 03 15:59:34 UTC 2026","passed","Fri Jul 03 15:59:34 UTC 2026","","","",""
"","90","manifest v1","ContentsZip","Fri Jul 03 15:59:36 UTC 2026","passed","Fri Jul 03 15:59:36 UTC 2026","","should bundle custom manifest filename as manifest.json in zip","",""
"","873","Valid and invalid API tokens","","Fri Jul 03 16:01:59 UTC 2026","passed","Fri Jul 03 16:02:00 UTC 2026","","Valid and invalid API tokens","",""
"","1","GitHub APIエラー時にfalseを返す","template/github","Fri Jul 03 15:59:35 UTC 2026","passed","Fri Jul 03 15:59:35 UTC 2026","","isGitHubTemplateExists","",""
"","9","'should not throw error'","validateRecordNumbers","Fri Jul 03 15:59:39 UTC 2026","passed","Fri Jul 03 15:59:39 UTC 2026","","","",""
"","843","Skip confirmation by --yes when file exists","","Fri Jul 03 16:02:06 UTC 2026","passed","Fri Jul 03 16:02:07 UTC 2026","","Skip confirmation by --yes when file exists","",""
"","6504","Unsupported character for confirmation message","","Fri Jul 03 16:02:57 UTC 2026","passed","Fri Jul 03 16:03:03 UTC 2026","","Unsupported character for confirmation message","",""
"","399","Cancel the operation at confirmation","","Fri Jul 03 16:01:55 UTC 2026","passed","Fri Jul 03 16:01:56 UTC 2026","","Cancel the operation at confirmation","",""
"","1","[$#] convert 'LINK' field correctly","convertFieldValue","Fri Jul 03 15:59:34 UTC 2026","passed","Fri Jul 03 15:59:34 UTC 2026","","","",""
"","4795","Specify multiple fields","","Fri Jul 03 16:02:54 UTC 2026","passed","Fri Jul 03 16:02:59 UTC 2026","","Specify multiple fields","",""
"","1","should generate fieldCode array correctly (data with subtable)","buildHeaderFields","Fri Jul 03 15:59:39 UTC 2026","passed","Fri Jul 03 15:59:39 UTC 2026","","","",""
"","224","Unsupported encoding","","Fri Jul 03 16:02:12 UTC 2026","passed","Fri Jul 03 16:02:12 UTC 2026","","Unsupported encoding","",""
"","3","should pass parameters to the apiClient correctly","addRecords","Fri Jul 03 15:59:33 UTC 2026","passed","Fri Jul 03 15:59:33 UTC 2026","","","",""
"","3","[$#] convert 'MULTI_SELECT' field correctly","convertFieldValue","Fri Jul 03 15:59:34 UTC 2026","passed","Fri Jul 03 15:59:34 UTC 2026","","","",""
"","422","Private key is not specified","","Fri Jul 03 16:01:56 UTC 2026","passed","Fri Jul 03 16:01:56 UTC 2026","","Private key is not specified","",""
"","1","should display INFO message when calling logger with ""info"" level","StandardLogger","Fri Jul 03 15:59:36 UTC 2026","passed","Fri Jul 03 15:59:36 UTC 2026","","","",""
"","1","should return TRUE if two buffers are the same","Helper functions","Fri Jul 03 15:59:37 UTC 2026","passed","Fri Jul 03 15:59:37 UTC 2026","","compareBuffers","",""
"","6","存在しないテンプレート名でエラーをスローする","template","Fri Jul 03 15:59:33 UTC 2026","passed","Fri Jul 03 15:59:33 UTC 2026","","setupTemplate","",""
"","0","[$#] convert 'RICH_TEXT' field correctly","convertFieldValue","Fri Jul 03 15:59:34 UTC 2026","passed","Fri Jul 03 15:59:34 UTC 2026","","","",""
"","154","should call updatePlugin API when the plugin have been installed on kintone","plugin upload command","Fri Jul 03 15:59:35 UTC 2026","passed","Fri Jul 03 15:59:35 UTC 2026","","","",""
"","0","should return false if the string is not URL","util","Fri Jul 03 15:59:43 UTC 2026","passed","Fri Jul 03 15:59:43 UTC 2026","","isUrlString","",""
"","0","[$#] convert 'SUBTABLE' field correctly","convertFieldValue","Fri Jul 03 15:59:34 UTC 2026","passed","Fri Jul 03 15:59:34 UTC 2026","","","",""
"","3","[$#] convert 'CALC' field correctly","convertFieldValue","Fri Jul 03 15:59:34 UTC 2026","passed","Fri Jul 03 15:59:34 UTC 2026","","","",""
"","3","can read utf8 encoded csv file correctly","readFile","Fri Jul 03 15:59:42 UTC 2026","passed","Fri Jul 03 15:59:42 UTC 2026","","","",""
"","0","[$#] convert 'STATUS' field correctly","convertFieldValue","Fri Jul 03 15:59:34 UTC 2026","passed","Fri Jul 03 15:59:34 UTC 2026","","","",""
"","36","'`valid-locales-v1`'","validate","Fri Jul 03 15:59:40 UTC 2026","passed","Fri Jul 03 15:59:40 UTC 2026","","","",""
"","0","[$#] convert 'CATEGORY' field correctly","convertFieldValue","Fri Jul 03 15:59:34 UTC 2026","passed","Fri Jul 03 15:59:34 UTC 2026","","","",""
"","312","File path is not specified","","Fri Jul 03 16:02:18 UTC 2026","passed","Fri Jul 03 16:02:18 UTC 2026","","File path is not specified","",""
"","466","should reject when no auth is provided","record export","Fri Jul 03 15:59:37 UTC 2026","passed","Fri Jul 03 15:59:37 UTC 2026","","","",""
"","1","存在するTypeScriptテンプレート名から正しいTemplateSourceを生成する","template/github","Fri Jul 03 15:59:35 UTC 2026","passed","Fri Jul 03 15:59:35 UTC 2026","","resolveGitHubTemplateSource","",""
"","3","can separate date source by group and chunked","groupByKeyChunked","Fri Jul 03 15:59:34 UTC 2026","passed","Fri Jul 03 15:59:34 UTC 2026","","","",""
"","631","Get version","","Fri Jul 03 16:01:57 UTC 2026","passed","Fri Jul 03 16:01:57 UTC 2026","","Get version","",""
"","65","'`maxFileSize`'","validate","Fri Jul 03 15:59:40 UTC 2026","passed","Fri Jul 03 15:59:40 UTC 2026","","","",""
"","2","'should convert empty array to csv str…'","csvStringifier","Fri Jul 03 15:59:41 UTC 2026","passed","Fri Jul 03 15:59:41 UTC 2026","","","",""
"","1","returns sandbox: (not set) when only siblings are defined","buildPluginSummary","Fri Jul 03 15:59:34 UTC 2026","passed","Fri Jul 03 15:59:34 UTC 2026","","sandbox block","",""
"","3","should throw error when generating unsupported file extension","File Generator functions","Fri Jul 03 15:59:41 UTC 2026","passed","Fri Jul 03 15:59:41 UTC 2026","","","",""
"","6456","Proceed with the execution by pressing ""Y""","","Fri Jul 03 16:02:50 UTC 2026","passed","Fri Jul 03 16:02:57 UTC 2026","","Proceed with the execution by pressing ""Y""","",""
"","1","should display ERROR message when calling logger with ""error"" level","StandardLogger","Fri Jul 03 15:59:36 UTC 2026","passed","Fri Jul 03 15:59:36 UTC 2026","","","",""
"","1","'should throw error when the record nu…'","validateRecordNumbers","Fri Jul 03 15:59:39 UTC 2026","passed","Fri Jul 03 15:59:39 UTC 2026","","","",""
"","7","should return distinct local files from the manifest","sourceListV2","Fri Jul 03 15:59:37 UTC 2026","passed","Fri Jul 03 15:59:37 UTC 2026","","","",""
"","1","GITHUB_TOKEN環境変数が設定されている場合、認証ヘッダーを使用する","template/github","Fri Jul 03 15:59:35 UTC 2026","passed","Fri Jul 03 15:59:35 UTC 2026","","isGitHubTemplateExists","",""
"","1","should set ""error"" to the log config level when log-level argument is ""error""","logHandler","Fri Jul 03 15:59:43 UTC 2026","passed","Fri Jul 03 15:59:43 UTC 2026","","","",""
"","35","should detect the mismatch encoding correctly","isMismatchEncoding","Fri Jul 03 15:59:43 UTC 2026","passed","Fri Jul 03 15:59:43 UTC 2026","","","",""
"","1","[$#] convert 'NUMBER' field correctly","convertFieldValue","Fri Jul 03 15:59:34 UTC 2026","passed","Fri Jul 03 15:59:34 UTC 2026","","","",""
"","1","should pass information of proxy server to the apiClient correctly","api","Fri Jul 03 15:59:33 UTC 2026","passed","Fri Jul 03 15:59:33 UTC 2026","","","",""
"","1","'should return the correct record numb…'","parseCsv","Fri Jul 03 15:59:43 UTC 2026","passed","Fri Jul 03 15:59:43 UTC 2026","","","",""
"","1","[$#] convert 'DATE' field correctly","convertFieldValue","Fri Jul 03 15:59:34 UTC 2026","passed","Fri Jul 03 15:59:34 UTC 2026","","","",""
"","5142","Login authorization - short password option","","Fri Jul 03 16:02:40 UTC 2026","passed","Fri Jul 03 16:02:45 UTC 2026","","Login authorization - short password option","",""
"","54","'`relative-path`'","validate","Fri Jul 03 15:59:40 UTC 2026","passed","Fri Jul 03 15:59:40 UTC 2026","","","",""
"","7","'should create schema correctly'","createSchema","Fri Jul 03 15:59:43 UTC 2026","passed","Fri Jul 03 15:59:43 UTC 2026","","","",""
"","3","should throw an error when all retries are failed","retry","Fri Jul 03 15:59:34 UTC 2026","passed","Fri Jul 03 15:59:34 UTC 2026","","input sync function","",""
"","1","[$#] convert 'SINGLE_LINE_TEXT' field correctly","convertFieldValue","Fri Jul 03 15:59:34 UTC 2026","passed","Fri Jul 03 15:59:34 UTC 2026","","","",""
"","494","should reject when no auth is provided","customize export","Fri Jul 03 15:59:40 UTC 2026","passed","Fri Jul 03 15:59:40 UTC 2026","","","",""
"","6877","Update plugin","","Fri Jul 03 16:02:01 UTC 2026","passed","Fri Jul 03 16:02:07 UTC 2026","","Update plugin","",""
"","2","can generate expected uuid from the private key","PrivateKey","Fri Jul 03 15:59:42 UTC 2026","passed","Fri Jul 03 15:59:42 UTC 2026","","","",""
"","1586","App does not have records","","Fri Jul 03 16:02:42 UTC 2026","passed","Fri Jul 03 16:02:44 UTC 2026","","App does not have records","",""
"","1","should not be set zh parameters in supportZh is false","qa","Fri Jul 03 15:59:35 UTC 2026","passed","Fri Jul 03 15:59:35 UTC 2026","optional lang parameters","runPrompt","",""
"","5157","Record data with table fields","","Fri Jul 03 16:02:26 UTC 2026","passed","Fri Jul 03 16:02:31 UTC 2026","","Record data with table fields","",""
"","4","should accept when username and password are provided","buildConnectionOptions with either auth","Fri Jul 03 15:59:37 UTC 2026","passed","Fri Jul 03 15:59:37 UTC 2026","","","",""
"","1","should throw an Error if specified field is not supported","userSelected","Fri Jul 03 15:59:38 UTC 2026","passed","Fri Jul 03 15:59:38 UTC 2026","","","",""
"","5","'should convert multiple subtables inc…'","parseCsv","Fri Jul 03 15:59:41 UTC 2026","passed","Fri Jul 03 15:59:41 UTC 2026","","","",""
"","5211","Specify multiple fields","","Fri Jul 03 16:03:06 UTC 2026","passed","Fri Jul 03 16:03:11 UTC 2026","","Specify multiple fields","",""
"","504","Display plugin info in JSON format","","Fri Jul 03 16:01:56 UTC 2026","passed","Fri Jul 03 16:01:56 UTC 2026","","Display plugin info in JSON format","",""
"","3","should reject when no auth is provided","buildConnectionOptions with either auth","Fri Jul 03 15:59:37 UTC 2026","passed","Fri Jul 03 15:59:37 UTC 2026","","","",""
"","4949","API tokens for different apps","","Fri Jul 03 16:02:16 UTC 2026","passed","Fri Jul 03 16:02:21 UTC 2026","","API tokens for different apps","",""
"","3","フォーマットされたJSON(インデント2)で書き込む","template/manifest","Fri Jul 03 15:59:34 UTC 2026","passed","Fri Jul 03 15:59:34 UTC 2026","","updateManifests","",""
"","0","[$#] convert 'FILE' field correctly","convertFieldValue","Fri Jul 03 15:59:34 UTC 2026","passed","Fri Jul 03 15:59:34 UTC 2026","","","",""
"","1","should throw error when missing required argument","Record command","Fri Jul 03 15:59:37 UTC 2026","passed","Fri Jul 03 15:59:37 UTC 2026","","Missing required parameters","",""
"","445","should reject --api-token with auth required error","plugin upload","Fri Jul 03 15:59:39 UTC 2026","passed","Fri Jul 03 15:59:39 UTC 2026","","","",""
"","2191","User does not have privilege to view records","","Fri Jul 03 16:02:03 UTC 2026","passed","Fri Jul 03 16:02:05 UTC 2026","","User does not have privilege to view records","",""
"","337","Generates a private key file","","Fri Jul 03 16:01:56 UTC 2026","passed","Fri Jul 03 16:01:56 UTC 2026","","Generates a private key file","",""
"","0","[$#] convert 'CHECK_BOX' field correctly","convertFieldValue","Fri Jul 03 15:59:34 UTC 2026","passed","Fri Jul 03 15:59:34 UTC 2026","","","",""
"","4","should accept when api-token is provided","buildConnectionOptions with apiToken auth","Fri Jul 03 15:59:37 UTC 2026","passed","Fri Jul 03 15:59:37 UTC 2026","","","",""
"","1","[$#] convert 'LINK' field correctly","convertFieldValue","Fri Jul 03 15:59:34 UTC 2026","passed","Fri Jul 03 15:59:34 UTC 2026","","","",""
"","12605","Remove attachments by upserting","","Fri Jul 03 16:03:08 UTC 2026","passed","Fri Jul 03 16:03:21 UTC 2026","","Remove attachments by upserting","",""
"","2","GitHub APIエラー時にエラーをスローする","template/github","Fri Jul 03 15:59:35 UTC 2026","passed","Fri Jul 03 15:59:35 UTC 2026","","resolveGitHubTemplateSource","",""
"","123","'`url`'","validate","Fri Jul 03 15:59:39 UTC 2026","passed","Fri Jul 03 15:59:40 UTC 2026","","","",""
"","4882","Valid condition query","","Fri Jul 03 16:02:36 UTC 2026","passed","Fri Jul 03 16:02:40 UTC 2026","","Valid condition query","",""
"","11","package.jsonのnameフィールドを更新する","template/package-json","Fri Jul 03 15:59:36 UTC 2026","passed","Fri Jul 03 15:59:36 UTC 2026","","updatePackageJson","",""
"","5","should return error message","DeleteAllRecordsError","Fri Jul 03 15:59:42 UTC 2026","passed","Fri Jul 03 15:59:42 UTC 2026","","","",""
"","51","指定されたURLからテンプレートを正しくダウンロード・展開する（TypeScriptテンプレート）","template/downloader","Fri Jul 03 15:59:33 UTC 2026","passed","Fri Jul 03 15:59:33 UTC 2026","","downloadAndExtractFromUrl","",""
"","1","should return the arguments list of the record 'delete' correctly","Record - Subcommand","Fri Jul 03 15:59:39 UTC 2026","passed","Fri Jul 03 15:59:39 UTC 2026","","getArgumentsListBySubcommand","",""
"","43","'`sandbox-valid`'","validate","Fri Jul 03 15:59:40 UTC 2026","passed","Fri Jul 03 15:59:40 UTC 2026","","","",""
"","12206","Specify without app code","","Fri Jul 03 16:02:12 UTC 2026","passed","Fri Jul 03 16:02:24 UTC 2026","","Specify without app code","",""
"","379","Specify output path","","Fri Jul 03 16:01:55 UTC 2026","passed","Fri Jul 03 16:01:56 UTC 2026","","Specify output path","",""
"","5101","App in a guest space (record import)","","Fri Jul 03 16:02:24 UTC 2026","passed","Fri Jul 03 16:02:29 UTC 2026","","App in a guest space (record import)","",""
"","4","should reject when no auth is provided","buildConnectionOptions with apiToken auth","Fri Jul 03 15:59:37 UTC 2026","passed","Fri Jul 03 15:59:37 UTC 2026","","","",""
"","10","should not fail","deleteRecords","Fri Jul 03 15:59:39 UTC 2026","passed","Fri Jul 03 15:59:39 UTC 2026","","","",""
"","6403","Specify output path","","Fri Jul 03 16:02:00 UTC 2026","passed","Fri Jul 03 16:02:06 UTC 2026","","Specify output path","",""
"","783","Specified attachment file does not exist","","Fri Jul 03 16:02:16 UTC 2026","passed","Fri Jul 03 16:02:17 UTC 2026","","Specified attachment file does not exist","",""
"","11314","Upsert by record number","","Fri Jul 03 16:02:19 UTC 2026","passed","Fri Jul 03 16:02:30 UTC 2026","","Upsert by record number","",""
"","10","should generate file correctly","File Generator functions","Fri Jul 03 15:59:41 UTC 2026","passed","Fri Jul 03 15:59:41 UTC 2026","","Generate file success","",""
"","5246","Exported data is in CSV format","","Fri Jul 03 16:02:10 UTC 2026","passed","Fri Jul 03 16:02:16 UTC 2026","","Exported data is in CSV format","",""
"","5046","Encoding to sjis","","Fri Jul 03 16:03:16 UTC 2026","passed","Fri Jul 03 16:03:21 UTC 2026","","Encoding to sjis","",""
"","4518","Skip confirmation by --yes","","Fri Jul 03 16:02:03 UTC 2026","passed","Fri Jul 03 16:02:08 UTC 2026","","Skip confirmation by --yes","",""
"","2","should pass guestSpaceId to the apiClient correctly","api","Fri Jul 03 15:59:33 UTC 2026","passed","Fri Jul 03 15:59:33 UTC 2026","","","",""
"","2","should pass information of client certificate to the apiClient correctly","api","Fri Jul 03 15:59:33 UTC 2026","passed","Fri Jul 03 15:59:33 UTC 2026","","","",""
"","1","toStringCause should output the correct sentence. (inner: KintoneRestAPIError)","CliKintoneError","Fri Jul 03 15:59:34 UTC 2026","passed","Fri Jul 03 15:59:34 UTC 2026","","","",""
"","750","Valid and invalid API tokens","","Fri Jul 03 16:02:16 UTC 2026","passed","Fri Jul 03 16:02:16 UTC 2026","","Valid and invalid API tokens","",""
"","1","[$#] convert 'DROP_DOWN' field correctly","convertFieldValue","Fri Jul 03 15:59:34 UTC 2026","passed","Fri Jul 03 15:59:34 UTC 2026","","","",""
"","12028","Utf8 encoded file","","Fri Jul 03 16:02:00 UTC 2026","passed","Fri Jul 03 16:02:12 UTC 2026","","Utf8 encoded file","",""
"","22","should accept when username and password are provided","buildConnectionOptions with password auth","Fri Jul 03 15:59:37 UTC 2026","passed","Fri Jul 03 15:59:37 UTC 2026","","","",""
"","2","'should throw error because the record…'","upsertRecords","Fri Jul 03 15:59:35 UTC 2026","passed","Fri Jul 03 15:59:35 UTC 2026","","","",""
"","6","should upload files correctly when attachmentsDir is given and with subtable","addRecords","Fri Jul 03 15:59:33 UTC 2026","passed","Fri Jul 03 15:59:33 UTC 2026","","","",""
"","14752","Attachments on multiple records","","Fri Jul 03 16:02:53 UTC 2026","passed","Fri Jul 03 16:03:08 UTC 2026","","Attachments on multiple records","",""
"","10466","Record with .txt file attachment","","Fri Jul 03 16:03:08 UTC 2026","passed","Fri Jul 03 16:03:19 UTC 2026","","Record with .txt file attachment","",""
"","3503","App does not have records","","Fri Jul 03 16:02:22 UTC 2026","passed","Fri Jul 03 16:02:26 UTC 2026","","App does not have records","",""
"","7","不正なJSONファイルでエラーをスローする","template/manifest","Fri Jul 03 15:59:34 UTC 2026","passed","Fri Jul 03 15:59:34 UTC 2026","","updateManifests","",""
"","1","[$#] convert 'ORGANIZATION_SELECT' field correctly","convertFieldValue","Fri Jul 03 15:59:34 UTC 2026","passed","Fri Jul 03 15:59:34 UTC 2026","","","",""
"","8889","Download attachments into an existing directory","","Fri Jul 03 16:02:09 UTC 2026","passed","Fri Jul 03 16:02:18 UTC 2026","","Download attachments into an existing directory","",""
"","1","[$#] convert 'UPDATED_TIME' field correctly","convertFieldValue","Fri Jul 03 15:59:34 UTC 2026","passed","Fri Jul 03 15:59:34 UTC 2026","","","",""
"","5","[$#] convert 'CREATOR' field correctly","convertFieldValue","Fri Jul 03 15:59:34 UTC 2026","passed","Fri Jul 03 15:59:34 UTC 2026","","","",""
"","2","should return the import query correctly","Record command","Fri Jul 03 15:59:37 UTC 2026","passed","Fri Jul 03 15:59:37 UTC 2026","","Valid parameters","",""
"","5","TypeScriptテンプレートで完全なセットアップが完了する","template","Fri Jul 03 15:59:33 UTC 2026","passed","Fri Jul 03 15:59:33 UTC 2026","","setupTemplate","",""
"","7","should call kintone APIs by the right order","index","Fri Jul 03 15:59:35 UTC 2026","passed","Fri Jul 03 15:59:35 UTC 2026","","apply","",""
"","312","Cancel the operation at confirmation","","Fri Jul 03 16:02:07 UTC 2026","passed","Fri Jul 03 16:02:07 UTC 2026","","Cancel the operation at confirmation","",""
"","9","'should convert subtable included csv …'","parseCsv","Fri Jul 03 15:59:41 UTC 2026","passed","Fri Jul 03 15:59:41 UTC 2026","","","",""
"","344","Specified CSV does not exist","","Fri Jul 03 16:02:18 UTC 2026","passed","Fri Jul 03 16:02:19 UTC 2026","","Specified CSV does not exist","",""
"","10","JavaScriptテンプレートで完全なセットアップが完了する","template","Fri Jul 03 15:59:33 UTC 2026","passed","Fri Jul 03 15:59:33 UTC 2026","","setupTemplate","",""
"","1","retries on 5xx KintoneRestAPIError","isRetryableKintoneError","Fri Jul 03 15:59:34 UTC 2026","passed","Fri Jul 03 15:59:34 UTC 2026","","","",""
"","1","'userSelected should create schema cor…'","createSchema","Fri Jul 03 15:59:43 UTC 2026","passed","Fri Jul 03 15:59:43 UTC 2026","","","",""
"","0","[$#] convert 'SUBTABLE' field correctly","convertFieldValue","Fri Jul 03 15:59:34 UTC 2026","passed","Fri Jul 03 15:59:34 UTC 2026","","","",""
"","1","[$#] convert 'RICH_TEXT' field correctly","convertFieldValue","Fri Jul 03 15:59:34 UTC 2026","passed","Fri Jul 03 15:59:34 UTC 2026","","","",""
"","8292","Record has a .txt file attachment","","Fri Jul 03 16:02:46 UTC 2026","passed","Fri Jul 03 16:02:54 UTC 2026","","Record has a .txt file attachment","",""
"","11218","Specify records with a file","","Fri Jul 03 16:02:22 UTC 2026","passed","Fri Jul 03 16:02:33 UTC 2026","","Specify records with a file","",""
"","268","Login authentication is not supported","","Fri Jul 03 16:01:59 UTC 2026","passed","Fri Jul 03 16:01:59 UTC 2026","","Login authentication is not supported","",""
"","74","'`https-url`'","validate","Fri Jul 03 15:59:40 UTC 2026","passed","Fri Jul 03 15:59:40 UTC 2026","","","",""
"","1","should display the correct log message with multiple lines message","StandardLogger","Fri Jul 03 15:59:36 UTC 2026","passed","Fri Jul 03 15:59:36 UTC 2026","","","",""
"","4","既存のmanifest.jsonフィールドを保持する","template/manifest","Fri Jul 03 15:59:34 UTC 2026","passed","Fri Jul 03 15:59:34 UTC 2026","","updateManifests","",""
"","455","should reject when no auth is provided","plugin upload","Fri Jul 03 15:59:38 UTC 2026","passed","Fri Jul 03 15:59:39 UTC 2026","","","",""
"","3","should throw error when attachmentsDir is NOT given","addRecords","Fri Jul 03 15:59:33 UTC 2026","passed","Fri Jul 03 15:59:33 UTC 2026","","","",""
"","1634","Specify a field in a table","","Fri Jul 03 16:02:10 UTC 2026","passed","Fri Jul 03 16:02:12 UTC 2026","","Specify a field in a table","",""
"","1","returns null when no sandbox fields are defined","buildPluginSummary","Fri Jul 03 15:59:34 UTC 2026","passed","Fri Jul 03 15:59:34 UTC 2026","","sandbox block","",""
"","1","'should convert empty csv string to JS…'","parseCsv","Fri Jul 03 15:59:41 UTC 2026","passed","Fri Jul 03 15:59:41 UTC 2026","","","",""
"","5","should show warning message if there is no records exist in the app or match the condition.","getRecords","Fri Jul 03 15:59:33 UTC 2026","passed","Fri Jul 03 15:59:33 UTC 2026","","","",""
"","17","manifest v2","ContentsZip","Fri Jul 03 15:59:36 UTC 2026","passed","Fri Jul 03 15:59:36 UTC 2026","","should be able to create ContentsZip from a plugin directory","",""
"","1","should use the given manifest filename","sourceListV2","Fri Jul 03 15:59:37 UTC 2026","passed","Fri Jul 03 15:59:37 UTC 2026","","","",""
"","1","should set ""fatal"" to the log config level when log-level argument is ""fatal""","logHandler","Fri Jul 03 15:59:43 UTC 2026","passed","Fri Jul 03 15:59:43 UTC 2026","","","",""
"","1","should set ""info"" to the log config level when log-level argument is ""info""","logHandler","Fri Jul 03 15:59:43 UTC 2026","passed","Fri Jul 03 15:59:43 UTC 2026","","","",""
"","3","drops absent sandbox keys when serialized as JSON (undefined → omitted)","buildPluginInfoJson","Fri Jul 03 15:59:38 UTC 2026","passed","Fri Jul 03 15:59:38 UTC 2026","","","",""
"","838","Valid and invalid API tokens","","Fri Jul 03 16:02:08 UTC 2026","passed","Fri Jul 03 16:02:09 UTC 2026","","Valid and invalid API tokens","",""
"","8738","Download attachments into a new directory","","Fri Jul 03 16:02:18 UTC 2026","passed","Fri Jul 03 16:02:26 UTC 2026","","Download attachments into a new directory","",""
"","1","should not be set ja parameters in supportJa is false","qa","Fri Jul 03 15:59:35 UTC 2026","passed","Fri Jul 03 15:59:35 UTC 2026","optional lang parameters","runPrompt","",""
"","6","should return error message","AddRecordsError","Fri Jul 03 15:59:36 UTC 2026","passed","Fri Jul 03 15:59:36 UTC 2026","","","",""
"","5062","Export customization settings","","Fri Jul 03 16:01:55 UTC 2026","passed","Fri Jul 03 16:02:00 UTC 2026","","Export customization settings","",""
"","1005","Record number is not specified in a file","","Fri Jul 03 16:02:02 UTC 2026","passed","Fri Jul 03 16:02:03 UTC 2026","","Record number is not specified in a file","",""
"","219","Specify utf8 with sjis encoded file","","Fri Jul 03 16:02:01 UTC 2026","passed","Fri Jul 03 16:02:01 UTC 2026","","Specify utf8 with sjis encoded file","",""
"","11842","Specify record number with customized field code","","Fri Jul 03 16:02:00 UTC 2026","passed","Fri Jul 03 16:02:11 UTC 2026","","Specify record number with customized field code","",""
"","3","should throw an error when retry conditions are not match","retry","Fri Jul 03 15:59:34 UTC 2026","passed","Fri Jul 03 15:59:34 UTC 2026","","input async function","",""
"","83","指定されたURLからテンプレートを正しくダウンロード・展開する（JavaScriptテンプレート）","template/downloader","Fri Jul 03 15:59:33 UTC 2026","passed","Fri Jul 03 15:59:33 UTC 2026","","downloadAndExtractFromUrl","",""
"","824","Incorrect username","","Fri Jul 03 16:01:58 UTC 2026","passed","Fri Jul 03 16:01:59 UTC 2026","","Incorrect username","",""
"","6","存在するテンプレート名でtrueを返す","template/github","Fri Jul 03 15:59:35 UTC 2026","passed","Fri Jul 03 15:59:35 UTC 2026","","isGitHubTemplateExists","",""
"","639","Unknown option","","Fri Jul 03 16:01:56 UTC 2026","passed","Fri Jul 03 16:01:57 UTC 2026","","Unknown option","",""
"","932","App in a guest space","","Fri Jul 03 16:01:55 UTC 2026","passed","Fri Jul 03 16:01:56 UTC 2026","","App in a guest space","",""
"","4","should be constructed with string cause","ParserError","Fri Jul 03 15:59:43 UTC 2026","passed","Fri Jul 03 15:59:43 UTC 2026","","","",""
"","1","[$#] convert 'UPDATED_TIME' field correctly","convertFieldValue","Fri Jul 03 15:59:34 UTC 2026","passed","Fri Jul 03 15:59:34 UTC 2026","","","",""
"","6","should throw an Error if specified field is in a Table field","userSelected","Fri Jul 03 15:59:38 UTC 2026","passed","Fri Jul 03 15:59:38 UTC 2026","","","",""
"","2","can get records","getRecords","Fri Jul 03 15:59:33 UTC 2026","passed","Fri Jul 03 15:59:33 UTC 2026","","","",""
"","1","[$#] convert 'NUMBER' field correctly","convertFieldValue","Fri Jul 03 15:59:34 UTC 2026","passed","Fri Jul 03 15:59:34 UTC 2026","","","",""
"","5","不正なJSONファイルでエラーをスローする","template/package-json","Fri Jul 03 15:59:36 UTC 2026","passed","Fri Jul 03 15:59:36 UTC 2026","","updatePackageJson","",""
"","9","should not be failed","getRecords","Fri Jul 03 15:59:33 UTC 2026","passed","Fri Jul 03 15:59:33 UTC 2026","","","",""
"","1","'missing field value'","fieldInSubtableReader","Fri Jul 03 15:59:39 UTC 2026","passed","Fri Jul 03 15:59:39 UTC 2026","","","",""
"","787","API token is a draft","","Fri Jul 03 16:02:14 UTC 2026","passed","Fri Jul 03 16:02:15 UTC 2026","","API token is a draft","",""
"","4","'should convert csv string to JSON cor…'","parseCsv","Fri Jul 03 15:59:41 UTC 2026","passed","Fri Jul 03 15:59:41 UTC 2026","","","",""
"","4","should return error message","AddRecordsError","Fri Jul 03 15:59:40 UTC 2026","passed","Fri Jul 03 15:59:40 UTC 2026","","","",""
"","1","[$#] convert 'CHECK_BOX' field correctly","convertFieldValue","Fri Jul 03 15:59:34 UTC 2026","passed","Fri Jul 03 15:59:34 UTC 2026","","","",""
"","0","[$#] convert 'TIME' field correctly","convertFieldValue","Fri Jul 03 15:59:34 UTC 2026","passed","Fri Jul 03 15:59:34 UTC 2026","","","",""
"","1","'empty field value'","fieldInSubtableReader","Fri Jul 03 15:59:39 UTC 2026","passed","Fri Jul 03 15:59:39 UTC 2026","","","",""
"","5089","Login authorization","","Fri Jul 03 16:02:21 UTC 2026","passed","Fri Jul 03 16:02:26 UTC 2026","","Login authorization","",""
"","2","should stringify records as csv correctly (iterative)","stringifier","Fri Jul 03 15:59:42 UTC 2026","passed","Fri Jul 03 15:59:42 UTC 2026","","","",""
"","0","[$#] convert 'GROUP_SELECT' field correctly","convertFieldValue","Fri Jul 03 15:59:34 UTC 2026","passed","Fri Jul 03 15:59:34 UTC 2026","","","",""
"","1","should be constructed with CsvError","ParserError","Fri Jul 03 15:59:43 UTC 2026","passed","Fri Jul 03 15:59:43 UTC 2026","","","",""
"","2","should return the arguments list of the record 'export' correctly","Record - Subcommand","Fri Jul 03 15:59:39 UTC 2026","passed","Fri Jul 03 15:59:39 UTC 2026","","getArgumentsListBySubcommand","",""
"","9624","Multiple records have attachments","","Fri Jul 03 16:02:26 UTC 2026","passed","Fri Jul 03 16:02:36 UTC 2026","","Multiple records have attachments","",""
"","832","Incorrect API token","","Fri Jul 03 16:01:58 UTC 2026","passed","Fri Jul 03 16:01:59 UTC 2026","","Incorrect API token","",""
"","4","should repeat given function after delay on error and return result on resolve","retry","Fri Jul 03 15:59:34 UTC 2026","passed","Fri Jul 03 15:59:34 UTC 2026","","input async function","",""
"","852","A duplicate API token for the same app","","Fri Jul 03 16:02:15 UTC 2026","passed","Fri Jul 03 16:02:16 UTC 2026","","A duplicate API token for the same app","",""
"","11","can download files in subtable to a specified directory","getRecords","Fri Jul 03 15:59:33 UTC 2026","passed","Fri Jul 03 15:59:33 UTC 2026","","","",""
"","2","[$#] convert 'GROUP_SELECT' field correctly","convertFieldValue","Fri Jul 03 15:59:34 UTC 2026","passed","Fri Jul 03 15:59:34 UTC 2026","","","",""
"","854","A duplicate API token for the same app","","Fri Jul 03 16:02:07 UTC 2026","passed","Fri Jul 03 16:02:08 UTC 2026","","A duplicate API token for the same app","",""
"","3","should be constructed with string cause","ParserError","Fri Jul 03 15:59:43 UTC 2026","passed","Fri Jul 03 15:59:43 UTC 2026","","","",""
"","6","should accept when only api-token is provided","buildConnectionOptions with either auth","Fri Jul 03 15:59:37 UTC 2026","passed","Fri Jul 03 15:59:37 UTC 2026","","","",""
"","2","should be set ja parameters in supportJa is true","qa","Fri Jul 03 15:59:35 UTC 2026","passed","Fri Jul 03 15:59:35 UTC 2026","optional lang parameters","runPrompt","",""
"","5564","Valid ordering","","Fri Jul 03 16:02:51 UTC 2026","passed","Fri Jul 03 16:02:56 UTC 2026","","Valid ordering","",""
"","9","should emit experimental warning message","stability","Fri Jul 03 15:59:40 UTC 2026","passed","Fri Jul 03 15:59:40 UTC 2026","","emitExperimentalWarning","",""
"","4907","API token does not have privilege to edit records","","Fri Jul 03 16:03:03 UTC 2026","passed","Fri Jul 03 16:03:08 UTC 2026","","API token does not have privilege to edit records","",""
"","1","[$#] convert 'MULTI_LINE_TEXT' field correctly","convertFieldValue","Fri Jul 03 15:59:34 UTC 2026","passed","Fri Jul 03 15:59:34 UTC 2026","","","",""
"","1","toStringCause should output the correct sentence. (inner: KintoneAllRecordsError)","CliKintoneError","Fri Jul 03 15:59:34 UTC 2026","passed","Fri Jul 03 15:59:34 UTC 2026","","","",""
"","10","name, description, homepage_urlを正しく更新する","template/manifest","Fri Jul 03 15:59:34 UTC 2026","passed","Fri Jul 03 15:59:34 UTC 2026","","updateManifests","",""
"","811","Specify sjis with utf8 encoded file","","Fri Jul 03 16:02:01 UTC 2026","passed","Fri Jul 03 16:02:02 UTC 2026","","Specify sjis with utf8 encoded file","",""
"","879","Specified attachment directory does not exist","","Fri Jul 03 16:02:17 UTC 2026","passed","Fri Jul 03 16:02:18 UTC 2026","","Specified attachment directory does not exist","",""
"","5751","Skip confirmation message","","Fri Jul 03 16:02:36 UTC 2026","passed","Fri Jul 03 16:02:42 UTC 2026","","Skip confirmation message","",""
"","4","ダウンロード失敗時にエラーをスローする","template/downloader","Fri Jul 03 15:59:33 UTC 2026","passed","Fri Jul 03 15:59:33 UTC 2026","","downloadAndExtractFromUrl","",""
"","872","Incorrect guest space ID","","Fri Jul 03 16:02:00 UTC 2026","passed","Fri Jul 03 16:02:01 UTC 2026","","Incorrect guest space ID","",""
"","4256","API token does not have delete permission","","Fri Jul 03 16:01:59 UTC 2026","passed","Fri Jul 03 16:02:03 UTC 2026","","API token does not have delete permission","",""
"","3","should return true if the string is URL","util","Fri Jul 03 15:59:43 UTC 2026","passed","Fri Jul 03 15:59:43 UTC 2026","","isUrlString","",""
"","10","should pass parameters to the apiClient correctly (with orderBy)","getAllRecords","Fri Jul 03 15:59:36 UTC 2026","passed","Fri Jul 03 15:59:36 UTC 2026","","","",""
"","10082","Record with an attachment file","","Fri Jul 03 16:02:17 UTC 2026","passed","Fri Jul 03 16:02:27 UTC 2026","","Record with an attachment file","",""
"","3","'should convert kintone records to csv…'","csvStringifier","Fri Jul 03 15:59:41 UTC 2026","passed","Fri Jul 03 15:59:41 UTC 2026","","","",""
"","1","should throw an Error if specified field does not exist","userSelected","Fri Jul 03 15:59:38 UTC 2026","passed","Fri Jul 03 15:59:38 UTC 2026","","","",""
"","3758","Cancel the operation at confirmation","","Fri Jul 03 16:02:08 UTC 2026","passed","Fri Jul 03 16:02:12 UTC 2026","","Cancel the operation at confirmation","",""
"","1","preserves sandbox: false (not stripped) when serialized","buildPluginInfoJson","Fri Jul 03 15:59:38 UTC 2026","passed","Fri Jul 03 15:59:38 UTC 2026","","","",""
"","4","'should convert csv string with no rec…'","parseCsv","Fri Jul 03 15:59:41 UTC 2026","passed","Fri Jul 03 15:59:41 UTC 2026","","","",""
"","6","should throw an Error if specified field is in a Table field","userSelected","Fri Jul 03 15:59:38 UTC 2026","passed","Fri Jul 03 15:59:38 UTC 2026","","","",""
"","1","should make the file list unique","sourcelist","Fri Jul 03 15:59:37 UTC 2026","passed","Fri Jul 03 15:59:37 UTC 2026","","","",""
"","10","can generate uuid with correct length","PrivateKey","Fri Jul 03 15:59:42 UTC 2026","passed","Fri Jul 03 15:59:42 UTC 2026","","","",""
"","1","存在しないテンプレート名でfalseを返す","template/github","Fri Jul 03 15:59:35 UTC 2026","passed","Fri Jul 03 15:59:35 UTC 2026","","isGitHubTemplateExists","",""
"","9829","Record has multiple attachments","","Fri Jul 03 16:02:36 UTC 2026","passed","Fri Jul 03 16:02:46 UTC 2026","","Record has multiple attachments","",""
"","3719","Specified update-key field is not supported","","Fri Jul 03 16:03:00 UTC 2026","passed","Fri Jul 03 16:03:03 UTC 2026","","Specified update-key field is not supported","",""
"","11826","Specify with app code and record number","","Fri Jul 03 16:02:00 UTC 2026","passed","Fri Jul 03 16:02:12 UTC 2026","","Specify with app code and record number","",""
"","5005","Sjis encoded file","","Fri Jul 03 16:03:05 UTC 2026","passed","Fri Jul 03 16:03:10 UTC 2026","","Sjis encoded file","",""
"","4","should throw error when API response is error","getRecords","Fri Jul 03 15:59:33 UTC 2026","passed","Fri Jul 03 15:59:33 UTC 2026","","","",""
"","156","should call installPlugin API when the plugin have not been installed on kintone","plugin upload command","Fri Jul 03 15:59:35 UTC 2026","passed","Fri Jul 03 15:59:35 UTC 2026","","","",""
"","4","should pass parameters to the apiClient correctly","deleteAllRecords","Fri Jul 03 15:59:38 UTC 2026","passed","Fri Jul 03 15:59:38 UTC 2026","","","",""
"","5294","App in a space","","Fri Jul 03 16:02:05 UTC 2026","passed","Fri Jul 03 16:02:10 UTC 2026","","App in a space","",""
"","11491","Multiple attachments on a field","","Fri Jul 03 16:02:27 UTC 2026","passed","Fri Jul 03 16:02:39 UTC 2026","","Multiple attachments on a field","",""
"","2","emits sandbox-related keys with snake_case names","buildPluginInfoJson","Fri Jul 03 15:59:38 UTC 2026","passed","Fri Jul 03 15:59:38 UTC 2026","","","",""
"","9","should success generating customize-manifest.json","init","Fri Jul 03 15:59:42 UTC 2026","passed","Fri Jul 03 15:59:42 UTC 2026","","runInit","",""
"","1","should be able to validate by validateForDescription","qa","Fri Jul 03 15:59:35 UTC 2026","passed","Fri Jul 03 15:59:35 UTC 2026","","validator","",""
"","1","'userSelected should create schema cor…'","createSchema","Fri Jul 03 15:59:43 UTC 2026","passed","Fri Jul 03 15:59:43 UTC 2026","","","",""
"","2228","Specified field does not exist","","Fri Jul 03 16:02:59 UTC 2026","passed","Fri Jul 03 16:03:01 UTC 2026","","Specified field does not exist","",""
"","4874","Login authorization","","Fri Jul 03 16:02:30 UTC 2026","passed","Fri Jul 03 16:02:35 UTC 2026","","Login authorization","",""
"","499","URL protocol is not HTTPS","","Fri Jul 03 16:01:57 UTC 2026","passed","Fri Jul 03 16:01:58 UTC 2026","","URL protocol is not HTTPS","",""
"","1","should return FALSE if two buffers are different","Helper functions","Fri Jul 03 15:59:37 UTC 2026","passed","Fri Jul 03 15:59:37 UTC 2026","","compareBuffers","",""
"","5015","App in a space","","Fri Jul 03 16:02:13 UTC 2026","passed","Fri Jul 03 16:02:18 UTC 2026","","App in a space","",""
"","1","should display WARN message when calling logger with ""warn"" level","StandardLogger","Fri Jul 03 15:59:36 UTC 2026","passed","Fri Jul 03 15:59:36 UTC 2026","","","",""
"","1616","Plugin info surfaces sandbox, allowed_hosts and permissions","","Fri Jul 03 16:01:56 UTC 2026","passed","Fri Jul 03 16:01:58 UTC 2026","","Plugin info surfaces sandbox, allowed_hosts and permissions","",""
"","9567","Apply customization from manifest file","","Fri Jul 03 16:01:54 UTC 2026","passed","Fri Jul 03 16:02:03 UTC 2026","","Apply customization from manifest file","",""
"","1","[$#] convert 'RADIO_BUTTON' field correctly","convertFieldValue","Fri Jul 03 15:59:34 UTC 2026","passed","Fri Jul 03 15:59:34 UTC 2026","","","",""
"","369","Invalid URL format","","Fri Jul 03 16:01:57 UTC 2026","passed","Fri Jul 03 16:01:58 UTC 2026","","Invalid URL format","",""
"","4","should not be set es parameters in supportEs is false","qa","Fri Jul 03 15:59:35 UTC 2026","passed","Fri Jul 03 15:59:35 UTC 2026","optional lang parameters","runPrompt","",""
